"ID_event","Nb_points","First_pt","Last_pt","Start_time","End_time","Duration","Diel","Tidal.Phase","HourOfTheDay","HourPostDeploy","Heading"
1,9166,33569,42734,2023-08-11 14:15:56,2023-08-11 14:18:59,183.32,"Day","Flood",14,0,126.338360735604
2,15164,48498,63661,2023-08-11 14:20:54,2023-08-11 14:25:58,303.28,"Day","Flood",14,0,162.884264781707
3,16162,72320,88481,2023-08-11 14:28:51,2023-08-11 14:34:14,323.24,"Day","Flood",14,0,94.8092250971515
4,11498,93397,104894,2023-08-11 14:35:52,2023-08-11 14:39:42,229.96,"Day","Flood",14,0,111.514745172992
5,11913,111380,123292,2023-08-11 14:41:52,2023-08-11 14:45:50,238.26,"Day","Flood",14,0,128.272342909798
6,16086,125939,142024,2023-08-11 14:46:43,2023-08-11 14:52:05,321.72,"Day","Flood",14,0,60.6410732361576
7,13657,147973,161629,2023-08-11 14:54:04,2023-08-11 14:58:37,273.14,"Day","Flood",14,0,105.990306423272
8,13070,166430,179499,2023-08-11 15:00:13,2023-08-11 15:04:34,261.4,"Day","Flood",15,1,134.366538356697
9,7778,186193,193970,2023-08-11 15:06:48,2023-08-11 15:09:24,155.56,"Day","Flood",15,1,132.998185991538
10,10475,199625,210099,2023-08-11 15:11:17,2023-08-11 15:14:46,209.5,"Day","Flood",15,1,117.617949703055
11,12730,214774,227503,2023-08-11 15:16:20,2023-08-11 15:20:35,254.6,"Day","Flood",15,1,137.612970056258
12,12883,230799,243681,2023-08-11 15:21:40,2023-08-11 15:25:58,257.66,"Day","Flood",15,1,142.772888697926
13,11752,247038,258789,2023-08-11 15:27:05,2023-08-11 15:31:00,235.04,"Day","Flood",15,1,138.300557739451
14,9501,261720,271220,2023-08-11 15:31:59,2023-08-11 15:35:09,190.02,"Day","Flood",15,1,114.326828670779
15,7367,274186,281552,2023-08-11 15:36:08,2023-08-11 15:38:36,147.34,"Day","Flood",15,1,136.807289059652
16,11112,284684,295795,2023-08-11 15:39:38,2023-08-11 15:43:20,222.24,"Day","Flood",15,1,137.444440428088
17,8422,298056,306477,2023-08-11 15:44:06,2023-08-11 15:46:54,168.44,"Day","Flood",15,1,107.314159781871
18,8005,310338,318342,2023-08-11 15:48:11,2023-08-11 15:50:51,160.1,"Day","Flood",15,1,158.625686413873
19,10193,323006,333198,2023-08-11 15:52:25,2023-08-11 15:55:48,203.86,"Day","Flood",15,1,149.249181471065
20,7724,335875,343598,2023-08-11 15:56:42,2023-08-11 15:59:16,154.48,"Day","Flood",15,1,149.848314452873
21,3747,347064,350810,2023-08-11 16:00:26,2023-08-11 16:01:41,74.94,"Day","Flood",16,2,149.773848378764
22,10672,352745,363416,2023-08-11 16:02:19,2023-08-11 16:05:53,213.44,"Day","Flood",16,2,159.075792408353
23,15486,365767,381252,2023-08-11 16:06:40,2023-08-11 16:11:50,309.72,"Day","Flood",16,2,154.379415890237
24,9958,384192,394149,2023-08-11 16:12:48,2023-08-11 16:16:07,199.16,"Day","Flood",16,2,158.637129431237
25,8173,396493,404665,2023-08-11 16:16:54,2023-08-11 16:19:38,163.46,"Day","Flood",16,2,155.701066377596
26,2144,407828,409971,2023-08-11 16:20:41,2023-08-11 16:21:24,42.88,"Day","Flood",16,2,145.259835504148
27,4330,413175,417504,2023-08-11 16:22:28,2023-08-11 16:23:55,86.6,"Day","Flood",16,2,162.022045495722
28,8856,419593,428448,2023-08-11 16:24:36,2023-08-11 16:27:33,177.12,"Day","Flood",16,2,151.162663374873
29,3325,431931,435255,2023-08-11 16:28:43,2023-08-11 16:29:50,66.5,"Day","Flood",16,2,165.129618996126
30,8023,437598,445620,2023-08-11 16:30:36,2023-08-11 16:33:17,160.46,"Day","Flood",16,2,162.531232468762
31,3887,448765,452651,2023-08-11 16:34:20,2023-08-11 16:35:38,77.74,"Day","Flood",16,2,150.770500229446
32,3327,455583,458909,2023-08-11 16:36:36,2023-08-11 16:37:43,66.54,"Day","Flood",16,2,163.770235347179
33,4878,464767,469644,2023-08-11 16:39:40,2023-08-11 16:41:17,97.56,"Day","Flood",16,2,163.547712817251
34,6037,470316,476352,2023-08-11 16:41:31,2023-08-11 16:43:32,120.74,"Day","Flood",16,2,121.05490379282
35,12229,481075,493303,2023-08-11 16:45:06,2023-08-11 16:49:11,244.58,"Day","Flood",16,2,154.30108601156
36,8253,497915,506167,2023-08-11 16:50:43,2023-08-11 16:53:28,165.06,"Day","Flood",16,2,161.889371532358
37,11379,508344,519722,2023-08-11 16:54:11,2023-08-11 16:57:59,227.58,"Day","Flood",16,2,144.545727170811
38,1317,522922,524238,2023-08-11 16:59:03,2023-08-11 16:59:29,26.34,"Day","Flood",16,2,167.147508494307
39,14820,527705,542524,2023-08-11 17:00:39,2023-08-11 17:05:35,296.4,"Day","Flood",17,3,155.35601201493
40,7659,545893,553551,2023-08-11 17:06:42,2023-08-11 17:09:16,153.18,"Day","Flood",17,3,175.325670985701
41,1964,556701,558664,2023-08-11 17:10:19,2023-08-11 17:10:58,39.28,"Day","Flood",17,3,163.025658508019
42,8160,561164,569323,2023-08-11 17:11:48,2023-08-11 17:14:31,163.2,"Day","Flood",17,3,179.068450685394
43,3695,572674,576368,2023-08-11 17:15:38,2023-08-11 17:16:52,73.9,"Day","High",17,3,142.378023417805
44,7578,579360,586937,2023-08-11 17:17:52,2023-08-11 17:20:23,151.56,"Day","High",17,3,164.871862416079
45,7622,590621,598242,2023-08-11 17:21:37,2023-08-11 17:24:09,152.44,"Day","High",17,3,132.859991744799
46,9396,600661,610056,2023-08-11 17:24:58,2023-08-11 17:28:06,187.92,"Day","High",17,3,56.6600798264048
47,2929,613339,616267,2023-08-11 17:29:11,2023-08-11 17:30:10,58.58,"Day","High",17,3,146.63643843804
48,3457,620118,623574,2023-08-11 17:31:27,2023-08-11 17:32:36,69.14,"Day","High",17,3,137.815731133352
49,3870,625746,629615,2023-08-11 17:33:19,2023-08-11 17:34:37,77.4,"Day","High",17,3,162.930923951357
50,6444,632741,639184,2023-08-11 17:35:39,2023-08-11 17:37:48,128.88,"Day","High",17,3,115.457014966399
51,7616,640804,648419,2023-08-11 17:38:21,2023-08-11 17:40:53,152.32,"Day","High",17,3,150.259634728868
52,3496,650317,653812,2023-08-11 17:41:31,2023-08-11 17:42:41,69.92,"Day","High",17,3,166.395464745439
53,2234,655718,657951,2023-08-11 17:43:19,2023-08-11 17:44:04,44.68,"Day","High",17,3,136.142351912619
54,5951,659493,665443,2023-08-11 17:44:34,2023-08-11 17:46:33,119.02,"Day","High",17,3,150.910136957257
55,8702,667069,675770,2023-08-11 17:47:06,2023-08-11 17:50:00,174.04,"Day","High",17,3,153.454567907884
56,6951,678322,685272,2023-08-11 17:50:51,2023-08-11 17:53:10,139.02,"Day","High",17,3,158.609332152925
57,8547,688097,696643,2023-08-11 17:54:06,2023-08-11 17:56:57,170.94,"Day","High",17,3,161.970779035727
58,3318,699550,702867,2023-08-11 17:57:56,2023-08-11 17:59:02,66.36,"Day","High",17,3,161.212018968806
59,7175,705060,712234,2023-08-11 17:59:46,2023-08-11 18:02:09,143.5,"Day","High",17,3,139.554869180973
60,2546,715292,717837,2023-08-11 18:03:10,2023-08-11 18:04:01,50.92,"Day","High",18,4,151.549951116008
61,1537,719523,721059,2023-08-11 18:04:35,2023-08-11 18:05:06,30.74,"Day","High",18,4,154.111037079348
62,2641,723007,725647,2023-08-11 18:05:45,2023-08-11 18:06:37,52.82,"Day","High",18,4,149.973560415142
63,4163,728480,732642,2023-08-11 18:07:34,2023-08-11 18:08:57,83.26,"Day","High",18,4,139.947770083274
64,2934,735508,738441,2023-08-11 18:09:55,2023-08-11 18:10:53,58.68,"Day","High",18,4,167.354723615933
65,11584,743682,755265,2023-08-11 18:12:38,2023-08-11 18:16:30,231.68,"Day","High",18,4,159.01346216833
66,5520,760688,766207,2023-08-11 18:18:18,2023-08-11 18:20:09,110.4,"Day","High",18,4,163.348429953595
67,4761,770121,774881,2023-08-11 18:21:27,2023-08-11 18:23:02,95.22,"Day","High",18,4,160.741750347205
68,8128,777938,786065,2023-08-11 18:24:03,2023-08-11 18:26:46,162.56,"Day","High",18,4,154.491014691268
69,3879,788555,792433,2023-08-11 18:27:36,2023-08-11 18:28:53,77.58,"Day","High",18,4,132.872329024199
70,9260,794602,803861,2023-08-11 18:29:37,2023-08-11 18:32:42,185.2,"Day","High",18,4,143.121867681519
71,6798,805791,812588,2023-08-11 18:33:20,2023-08-11 18:35:36,135.96,"Day","High",18,4,129.864585774222
72,2666,814518,817183,2023-08-11 18:36:15,2023-08-11 18:37:08,53.32,"Day","High",18,4,106.487241107706
73,3100,819212,822311,2023-08-11 18:37:49,2023-08-11 18:38:51,62,"Day","High",18,4,113.800606404468
74,12603,823981,836583,2023-08-11 18:39:24,2023-08-11 18:43:36,252.06,"Day","High",18,4,80.859696261843
75,2442,838103,840544,2023-08-11 18:44:07,2023-08-11 18:44:55,48.84,"Day","High",18,4,91.9493841205304
76,6175,842641,848815,2023-08-11 18:45:37,2023-08-11 18:47:41,123.5,"Day","High",18,4,114.366848141696
77,4407,851263,855669,2023-08-11 18:48:30,2023-08-11 18:49:58,88.14,"Day","High",18,4,98.6004807313938
78,13371,857314,870684,2023-08-11 18:50:31,2023-08-11 18:54:58,267.42,"Day","High",18,4,67.2106034094192
79,5667,871695,877361,2023-08-11 18:55:18,2023-08-11 18:57:12,113.34,"Day","High",18,4,87.5994460081171
80,3886,878097,881982,2023-08-11 18:57:26,2023-08-11 18:58:44,77.72,"Day","High",18,4,40.7457040868649
81,4712,882114,886825,2023-08-11 18:58:47,2023-08-11 19:00:21,94.24,"Day","High",18,4,50.1272498717745
82,5449,887934,893382,2023-08-11 19:00:43,2023-08-11 19:02:32,108.98,"Day","High",19,5,110.015443880674
83,12200,894434,906633,2023-08-11 19:02:53,2023-08-11 19:06:57,244,"Day","High",19,5,132.601694982538
84,14774,909079,923852,2023-08-11 19:07:46,2023-08-11 19:12:42,295.48,"Day","High",19,5,66.887466272323
85,8856,928232,937087,2023-08-11 19:14:09,2023-08-11 19:17:06,177.12,"Day","Ebb",19,5,331.194590986002
86,2416,942710,945125,2023-08-11 19:18:59,2023-08-11 19:19:47,48.32,"Day","Ebb",19,5,2.08894474060312
87,16001,950045,966045,2023-08-11 19:21:25,2023-08-11 19:26:45,320.02,"Day","Ebb",19,5,5.54666708585861
88,6298,972509,978806,2023-08-11 19:28:55,2023-08-11 19:31:01,125.96,"Day","Ebb",19,5,13.3306152344875
89,7298,988819,996116,2023-08-11 19:34:21,2023-08-11 19:36:47,145.96,"Day","Ebb",19,5,357.344266383673
90,18348,999450,1017797,2023-08-11 19:37:54,2023-08-11 19:44:00,366.96,"Day","Ebb",19,5,351.439056123614
91,3835,1025659,1029493,2023-08-11 19:46:38,2023-08-11 19:47:54,76.7,"Day","Ebb",19,5,5.77399443617295
92,7201,1033652,1040852,2023-08-11 19:49:18,2023-08-11 19:51:42,144.02,"Day","Ebb",19,5,359.255300588839
93,10191,1048298,1058488,2023-08-11 19:54:10,2023-08-11 19:57:34,203.82,"Day","Ebb",19,5,36.2152740432915
94,9910,1060993,1070902,2023-08-11 19:58:24,2023-08-11 20:01:43,198.2,"Day","Ebb",19,5,34.167799779129
95,12715,1074403,1087117,2023-08-11 20:02:53,2023-08-11 20:07:07,254.3,"Night","Ebb",20,6,40.327201122996
96,11579,1090454,1102032,2023-08-11 20:08:14,2023-08-11 20:12:05,231.58,"Night","Ebb",20,6,34.9350574255607
97,12020,1105170,1117189,2023-08-11 20:13:08,2023-08-11 20:17:08,240.4,"Night","Ebb",20,6,29.0394635854689
98,5421,1120154,1125574,2023-08-11 20:18:08,2023-08-11 20:19:56,108.42,"Night","Ebb",20,6,41.3617392317495
99,27256,1129632,1156887,2023-08-11 20:21:17,2023-08-11 20:30:22,545.12,"Night","Ebb",20,6,44.4914402877076
100,13608,1160119,1173726,2023-08-11 20:31:27,2023-08-11 20:35:59,272.16,"Night","Ebb",20,6,46.540007725004
101,18557,1176940,1195496,2023-08-11 20:37:03,2023-08-11 20:43:14,371.14,"Night","Ebb",20,6,49.9739617037696
102,8664,1197577,1206240,2023-08-11 20:43:56,2023-08-11 20:46:49,173.28,"Night","Ebb",20,6,45.1740303381571
103,19253,1210143,1229395,2023-08-11 20:48:07,2023-08-11 20:54:32,385.06,"Night","Ebb",20,6,42.8048410989364
104,6127,1232823,1238949,2023-08-11 20:55:41,2023-08-11 20:57:43,122.54,"Night","Ebb",20,6,48.6007826009145
105,5153,1241695,1246847,2023-08-11 20:58:38,2023-08-11 21:00:21,103.06,"Night","Ebb",20,6,48.3750259082015
106,10597,1249024,1259620,2023-08-11 21:01:05,2023-08-11 21:04:37,211.94,"Night","Ebb",21,7,47.6914260000316
107,11475,1262643,1274117,2023-08-11 21:05:37,2023-08-11 21:09:27,229.5,"Night","Ebb",21,7,59.1614679928858
108,4804,1276493,1281296,2023-08-11 21:10:14,2023-08-11 21:11:50,96.08,"Night","Ebb",21,7,45.0559893412254
109,24551,1282900,1307450,2023-08-11 21:12:23,2023-08-11 21:20:34,491.02,"Night","Ebb",21,7,46.1733246891355
110,4517,1309963,1314479,2023-08-11 21:21:24,2023-08-11 21:22:54,90.34,"Night","Ebb",21,7,44.7559345308605
111,17858,1316275,1334132,2023-08-11 21:23:30,2023-08-11 21:29:27,357.16,"Night","Ebb",21,7,41.3703842168617
112,5874,1335924,1341797,2023-08-11 21:30:03,2023-08-11 21:32:00,117.48,"Night","Ebb",21,7,45.3459912447383
113,5829,1343674,1349502,2023-08-11 21:32:38,2023-08-11 21:34:35,116.58,"Night","Ebb",21,7,53.7518656810256
114,7763,1350656,1358418,2023-08-11 21:34:58,2023-08-11 21:37:33,155.26,"Night","Ebb",21,7,41.2342718918012
115,4913,1360058,1364970,2023-08-11 21:38:06,2023-08-11 21:39:44,98.26,"Night","Ebb",21,7,36.3588332933081
116,4909,1366098,1371006,2023-08-11 21:40:06,2023-08-11 21:41:45,98.18,"Night","Ebb",21,7,34.0267642795755
117,4283,1371944,1376226,2023-08-11 21:42:03,2023-08-11 21:43:29,85.66,"Night","Ebb",21,7,40.7498836642544
118,1316,1377820,1379135,2023-08-11 21:44:01,2023-08-11 21:44:27,26.32,"Night","Ebb",21,7,42.0881969125902
119,16423,1380782,1397204,2023-08-11 21:45:00,2023-08-11 21:50:29,328.46,"Night","Ebb",21,7,48.5940540310289
120,1149,1398176,1399324,2023-08-11 21:50:48,2023-08-11 21:51:11,22.98,"Night","Ebb",21,7,59.9965615854527
121,4088,1400353,1404440,2023-08-11 21:51:32,2023-08-11 21:52:53,81.76,"Night","Ebb",21,7,51.2074201331063
122,3946,1405865,1409810,2023-08-11 21:53:22,2023-08-11 21:54:41,78.92,"Night","Ebb",21,7,51.0886903592306
123,4017,1410744,1414760,2023-08-11 21:54:59,2023-08-11 21:56:20,80.34,"Night","Ebb",21,7,43.8495431442252
124,8130,1415671,1423800,2023-08-11 21:56:38,2023-08-11 21:59:21,162.6,"Night","Ebb",21,7,44.9217505792873
125,5024,1424644,1429667,2023-08-11 21:59:37,2023-08-11 22:01:18,100.48,"Night","Ebb",21,7,47.21000247108
126,2791,1431369,1434159,2023-08-11 22:01:52,2023-08-11 22:02:48,55.82,"Night","Ebb",22,8,47.7706870836658
127,1968,1436487,1438454,2023-08-11 22:03:34,2023-08-11 22:04:14,39.36,"Night","Ebb",22,8,50.5133950028847
128,4670,1440229,1444898,2023-08-11 22:04:49,2023-08-11 22:06:22,93.4,"Night","Ebb",22,8,45.5402626018343
129,1941,1446424,1448364,2023-08-11 22:06:53,2023-08-11 22:07:32,38.82,"Night","Ebb",22,8,41.3813356785667
130,4007,1449603,1453609,2023-08-11 22:07:57,2023-08-11 22:09:17,80.14,"Night","Ebb",22,8,39.6780899896675
131,4276,1455511,1459786,2023-08-11 22:09:55,2023-08-11 22:11:20,85.52,"Night","Ebb",22,8,48.6850655100355
132,1740,1461126,1462865,2023-08-11 22:11:47,2023-08-11 22:12:22,34.8,"Night","Ebb",22,8,44.0943096486662
133,2720,1464550,1467269,2023-08-11 22:12:56,2023-08-11 22:13:50,54.4,"Night","Ebb",22,8,43.6912342195877
134,6130,1468529,1474658,2023-08-11 22:14:15,2023-08-11 22:16:18,122.6,"Night","Ebb",22,8,39.6634673562761
135,8830,1477288,1486117,2023-08-11 22:17:10,2023-08-11 22:20:07,176.6,"Night","Ebb",22,8,40.5683227695039
136,7940,1487556,1495495,2023-08-11 22:20:36,2023-08-11 22:23:14,158.8,"Night","Ebb",22,8,38.4390080563456
137,1347,1496733,1498079,2023-08-11 22:23:39,2023-08-11 22:24:06,26.94,"Night","Ebb",22,8,33.5870911908597
138,11311,1499459,1510769,2023-08-11 22:24:34,2023-08-11 22:28:20,226.22,"Night","Ebb",22,8,40.4380916476232
139,506,1512063,1512568,2023-08-11 22:28:46,2023-08-11 22:28:56,10.12,"Night","Ebb",22,8,52.5929219783641
140,8489,1516203,1524691,2023-08-11 22:30:09,2023-08-11 22:32:58,169.78,"Night","Ebb",22,8,47.2411575565149
141,1474,1526070,1527543,2023-08-11 22:33:26,2023-08-11 22:33:55,29.48,"Night","Ebb",22,8,44.3450266504659
142,5885,1529597,1535481,2023-08-11 22:34:36,2023-08-11 22:36:34,117.7,"Night","Ebb",22,8,45.6763423579763
143,3034,1536286,1539319,2023-08-11 22:36:50,2023-08-11 22:37:51,60.68,"Night","Ebb",22,8,37.0568206697992
144,739,1542046,1542784,2023-08-11 22:38:45,2023-08-11 22:39:00,14.78,"Night","Ebb",22,8,47.5940776773823
145,4233,1543889,1548121,2023-08-11 22:39:22,2023-08-11 22:40:47,84.66,"Night","Ebb",22,8,33.3619800866085
146,16592,1549141,1565732,2023-08-11 22:41:07,2023-08-11 22:46:39,331.84,"Night","Ebb",22,8,39.9685652705251
147,18844,1566628,1585471,2023-08-11 22:46:57,2023-08-11 22:53:14,376.88,"Night","Ebb",22,8,35.0782906250881
148,1905,1585810,1587714,2023-08-11 22:53:21,2023-08-11 22:53:59,38.1,"Night","Ebb",22,8,28.2312654199344
149,5702,1588543,1594244,2023-08-11 22:54:15,2023-08-11 22:56:09,114.04,"Night","Ebb",22,8,34.1225989415423
150,9248,1595141,1604388,2023-08-11 22:56:27,2023-08-11 22:59:32,184.96,"Night","Ebb",22,8,37.723842644834
151,4271,1605267,1609537,2023-08-11 22:59:50,2023-08-11 23:01:15,85.42,"Night","Ebb",22,8,38.9696699405834
152,3382,1610876,1614257,2023-08-11 23:01:42,2023-08-11 23:02:50,67.64,"Night","Ebb",23,9,35.2392222384781
153,3894,1615149,1619042,2023-08-11 23:03:07,2023-08-11 23:04:25,77.88,"Night","Ebb",23,9,37.5422766912602
154,2298,1619951,1622248,2023-08-11 23:04:44,2023-08-11 23:05:29,45.96,"Night","Ebb",23,9,30.1766760119107
155,32610,1623823,1656432,2023-08-11 23:06:01,2023-08-11 23:16:53,652.2,"Night","Ebb",23,9,35.790344755776
156,1294,1658077,1659370,2023-08-11 23:17:26,2023-08-11 23:17:52,25.88,"Night","Ebb",23,9,43.8042055125231
157,7161,1660856,1668016,2023-08-11 23:18:22,2023-08-11 23:20:45,143.22,"Night","Ebb",23,9,39.4734583106124
158,4774,1671065,1675838,2023-08-11 23:21:46,2023-08-11 23:23:21,95.48,"Night","Ebb",23,9,42.4515610083891
159,3602,1677021,1680622,2023-08-11 23:23:45,2023-08-11 23:24:57,72.04,"Night","Ebb",23,9,27.4557849882745
160,7911,1682168,1690078,2023-08-11 23:25:28,2023-08-11 23:28:06,158.22,"Night","Ebb",23,9,32.5533877068834
161,4220,1691483,1695702,2023-08-11 23:28:34,2023-08-11 23:29:59,84.4,"Night","Ebb",23,9,30.2462734621369
162,3134,1696952,1700085,2023-08-11 23:30:24,2023-08-11 23:31:26,62.68,"Night","Ebb",23,9,31.2635479796629
163,7796,1701855,1709650,2023-08-11 23:32:02,2023-08-11 23:34:38,155.92,"Night","Ebb",23,9,27.027034695546
164,789,1710680,1711468,2023-08-11 23:34:58,2023-08-11 23:35:14,15.78,"Night","Ebb",23,9,36.7652948788257
165,5195,1713415,1718609,2023-08-11 23:35:53,2023-08-11 23:37:37,103.9,"Night","Ebb",23,9,40.5254438020631
166,1571,1719754,1721324,2023-08-11 23:38:00,2023-08-11 23:38:31,31.42,"Night","Ebb",23,9,36.0782293861961
167,9465,1722507,1731971,2023-08-11 23:38:55,2023-08-11 23:42:04,189.3,"Night","Ebb",23,9,33.2069729399866
168,1118,1732863,1733980,2023-08-11 23:42:22,2023-08-11 23:42:44,22.36,"Night","Ebb",23,9,46.1642601066197
169,8702,1735337,1744038,2023-08-11 23:43:11,2023-08-11 23:46:05,174.04,"Night","Ebb",23,9,44.3363310592907
170,5526,1744814,1750339,2023-08-11 23:46:21,2023-08-11 23:48:11,110.52,"Night","Ebb",23,9,38.1626839940641
171,2128,1752079,1754206,2023-08-11 23:48:46,2023-08-11 23:49:29,42.56,"Night","Low",23,9,27.2718269138453
172,2332,1757179,1759510,2023-08-11 23:50:28,2023-08-11 23:51:15,46.64,"Night","Low",23,9,31.7787175134574
173,2158,1760741,1762898,2023-08-11 23:51:39,2023-08-11 23:52:22,43.16,"Night","Low",23,9,43.2758705387997
174,5390,1765179,1770568,2023-08-11 23:53:08,2023-08-11 23:54:56,107.8,"Night","Low",23,9,33.9710349471138
175,3752,1772876,1776627,2023-08-11 23:55:42,2023-08-11 23:56:57,75.04,"Night","Low",23,9,38.1744182879346
176,2821,1778557,1781377,2023-08-11 23:57:36,2023-08-11 23:58:32,56.42,"Night","Low",23,9,24.9026952504328
177,1630,1782983,1784612,2023-08-11 23:59:04,2023-08-11 23:59:37,32.6,"Night","Low",23,9,31.0963749326913
178,2325,1786905,1789229,2023-08-12 00:00:23,2023-08-12 00:01:09,46.5,"Night","Low",0,10,26.6521915069802
179,3173,1792413,1795585,2023-08-12 00:02:13,2023-08-12 00:03:16,63.46,"Night","Low",0,10,53.7296297833985
180,2206,1797655,1799860,2023-08-12 00:03:58,2023-08-12 00:04:42,44.12,"Night","Low",0,10,47.0913363215221
181,2098,1803288,1805385,2023-08-12 00:05:50,2023-08-12 00:06:32,41.96,"Night","Low",0,10,36.2944449356494
182,4993,1807612,1812604,2023-08-12 00:07:17,2023-08-12 00:08:57,99.86,"Night","Low",0,10,45.6625056808595
183,2513,1816479,1818991,2023-08-12 00:10:14,2023-08-12 00:11:04,50.26,"Night","Low",0,10,55.1101888161102
184,23934,1822226,1846159,2023-08-12 00:12:09,2023-08-12 00:20:08,478.68,"Night","Low",0,10,23.8670135636788
185,20030,1847993,1868022,2023-08-12 00:20:44,2023-08-12 00:27:25,400.6,"Night","Low",0,10,16.7477888163695
186,26017,1869965,1895981,2023-08-12 00:28:04,2023-08-12 00:36:44,520.34,"Night","Low",0,10,41.391268573263
187,66868,1898098,1964965,2023-08-12 00:37:26,2023-08-12 00:59:44,1337.36,"Night","Low",0,10,274.134057781397
188,5984,1966157,1972140,2023-08-12 01:00:08,2023-08-12 01:02:07,119.68,"Night","Low",1,11,270.074045732898
189,32168,1973631,2005798,2023-08-12 01:02:37,2023-08-12 01:13:20,643.36,"Night","Low",1,11,300.882719538667
190,11272,2007648,2018919,2023-08-12 01:13:57,2023-08-12 01:17:43,225.44,"Night","Low",1,11,292.862770878039
191,8123,2020451,2028573,2023-08-12 01:18:14,2023-08-12 01:20:56,162.46,"Night","Low",1,11,296.643117582189
192,31324,2030544,2061867,2023-08-12 01:21:35,2023-08-12 01:32:02,626.48,"Night","Low",1,11,273.395280640062
193,11040,2063734,2074773,2023-08-12 01:32:39,2023-08-12 01:36:20,220.8,"Night","Low",1,11,244.979894757767
194,2775,2077146,2079920,2023-08-12 01:37:07,2023-08-12 01:38:03,55.5,"Night","Low",1,11,240.481357122274
195,5135,2082356,2087490,2023-08-12 01:38:52,2023-08-12 01:40:34,102.7,"Night","Low",1,11,247.306376712867
196,8940,2087686,2096625,2023-08-12 01:40:38,2023-08-12 01:43:37,178.8,"Night","Low",1,11,227.894528237649
197,4505,2097345,2101849,2023-08-12 01:43:51,2023-08-12 01:45:21,90.1,"Night","Low",1,11,207.984747490379
198,1976,2102560,2104535,2023-08-12 01:45:36,2023-08-12 01:46:15,39.52,"Night","Low",1,11,212.176371140589
199,11943,2106369,2118311,2023-08-12 01:46:52,2023-08-12 01:50:51,238.86,"Night","Low",1,11,207.884013265387
200,10628,2119578,2130205,2023-08-12 01:51:16,2023-08-12 01:54:49,212.56,"Night","Flood",1,11,229.134220720386
201,2065,2130982,2133046,2023-08-12 01:55:04,2023-08-12 01:55:45,41.3,"Night","Flood",1,11,234.991665802517
202,12149,2134780,2146928,2023-08-12 01:56:20,2023-08-12 02:00:23,242.98,"Night","Flood",1,11,243.190376792095
203,3672,2148229,2151900,2023-08-12 02:00:49,2023-08-12 02:02:03,73.44,"Night","Flood",2,12,222.941071747601
204,7330,2152309,2159638,2023-08-12 02:02:11,2023-08-12 02:04:37,146.6,"Night","Flood",2,12,245.520099100907
205,11774,2161467,2173240,2023-08-12 02:05:14,2023-08-12 02:09:09,235.48,"Night","Flood",2,12,208.235216814293
206,6409,2175255,2181663,2023-08-12 02:09:50,2023-08-12 02:11:58,128.18,"Night","Flood",2,12,206.159702055476
207,8642,2183663,2192304,2023-08-12 02:12:38,2023-08-12 02:15:31,172.84,"Night","Flood",2,12,182.3959085595
208,9524,2192955,2202478,2023-08-12 02:15:44,2023-08-12 02:18:54,190.48,"Night","Flood",2,12,178.175195978147
209,13065,2204796,2217860,2023-08-12 02:19:40,2023-08-12 02:24:02,261.3,"Night","Flood",2,12,209.714891824827
210,11474,2220039,2231512,2023-08-12 02:24:45,2023-08-12 02:28:35,229.48,"Night","Flood",2,12,180.695907960291
211,2611,2233520,2236130,2023-08-12 02:29:15,2023-08-12 02:30:07,52.22,"Night","Flood",2,12,161.803977455487
212,21155,2237706,2258860,2023-08-12 02:30:39,2023-08-12 02:37:42,423.1,"Night","Flood",2,12,162.253392439345
213,5009,2260539,2265547,2023-08-12 02:38:15,2023-08-12 02:39:55,100.18,"Night","Flood",2,12,178.196054566103
214,32889,2267306,2300194,2023-08-12 02:40:31,2023-08-12 02:51:28,657.78,"Night","Flood",2,12,206.108712467737
215,6872,2301829,2308700,2023-08-12 02:52:01,2023-08-12 02:54:19,137.44,"Night","Flood",2,12,173.607279507794
216,28648,2310560,2339207,2023-08-12 02:54:56,2023-08-12 03:04:29,572.96,"Night","Flood",2,12,182.816493220847
217,4818,2341085,2345902,2023-08-12 03:05:06,2023-08-12 03:06:43,96.36,"Night","Flood",3,13,206.88889490297
218,6580,2347621,2354200,2023-08-12 03:07:17,2023-08-12 03:09:29,131.6,"Night","Flood",3,13,162.38230687435
219,10430,2356094,2366523,2023-08-12 03:10:06,2023-08-12 03:13:35,208.6,"Night","Flood",3,13,171.26429832212
220,6981,2368156,2375136,2023-08-12 03:14:08,2023-08-12 03:16:27,139.62,"Night","Flood",3,13,33.1310559157597
221,14386,2377630,2392015,2023-08-12 03:17:17,2023-08-12 03:22:05,287.72,"Night","Flood",3,13,169.847742881009
222,8493,2394521,2403013,2023-08-12 03:22:55,2023-08-12 03:25:45,169.86,"Night","Flood",3,13,173.219753281549
223,4719,2404179,2408897,2023-08-12 03:26:08,2023-08-12 03:27:42,94.38,"Night","Flood",3,13,154.900454898339
224,17498,2410651,2428148,2023-08-12 03:28:18,2023-08-12 03:34:07,349.96,"Night","Flood",3,13,79.8941786525391
225,11124,2430919,2442042,2023-08-12 03:35:03,2023-08-12 03:38:45,222.48,"Night","Flood",3,13,181.013794124199
226,4058,2444259,2448316,2023-08-12 03:39:30,2023-08-12 03:40:51,81.16,"Night","Flood",3,13,169.721726071911
227,13196,2450588,2463783,2023-08-12 03:41:36,2023-08-12 03:46:00,263.92,"Night","Flood",3,13,164.34982356796
228,26528,2465125,2491652,2023-08-12 03:46:27,2023-08-12 03:55:18,530.56,"Night","Flood",3,13,177.229353546053
229,23216,2492690,2515905,2023-08-12 03:55:38,2023-08-12 04:03:23,464.32,"Night","Flood",3,13,178.332725985861
230,12517,2516958,2529474,2023-08-12 04:03:44,2023-08-12 04:07:54,250.34,"Night","Flood",4,14,177.8222676578
231,6020,2530803,2536822,2023-08-12 04:08:21,2023-08-12 04:10:21,120.4,"Night","Flood",4,14,301.44879053347
232,6329,2540328,2546656,2023-08-12 04:11:31,2023-08-12 04:13:38,126.58,"Night","Flood",4,14,206.153687094985
233,3072,2548415,2551486,2023-08-12 04:14:13,2023-08-12 04:15:14,61.44,"Night","Flood",4,14,166.856389770622
234,43598,2553475,2597072,2023-08-12 04:15:54,2023-08-12 04:30:26,871.96,"Night","Flood",4,14,184.107897578063
235,46704,2598440,2645143,2023-08-12 04:30:53,2023-08-12 04:46:27,934.08,"Night","Flood",4,14,174.193602782904
236,5948,2646156,2652103,2023-08-12 04:46:48,2023-08-12 04:48:47,118.96,"Night","Flood",4,14,171.058148789609
237,41190,2654645,2695834,2023-08-12 04:49:37,2023-08-12 05:03:21,823.8,"Night","Flood",4,14,203.026874125184
238,5507,2697502,2703008,2023-08-12 05:03:55,2023-08-12 05:05:45,110.14,"Night","Flood",5,15,210.554315427621
239,1055,2704907,2705961,2023-08-12 05:06:23,2023-08-12 05:06:44,21.1,"Night","Flood",5,15,121.250280180633
240,3988,2707997,2711984,2023-08-12 05:07:24,2023-08-12 05:08:44,79.76,"Night","Flood",5,15,209.962647996836
241,9542,2714702,2724243,2023-08-12 05:09:39,2023-08-12 05:12:49,190.84,"Night","Flood",5,15,203.782443420046
242,8131,2726295,2734425,2023-08-12 05:13:30,2023-08-12 05:16:13,162.62,"Night","Flood",5,15,180.907648567167
243,6553,2736478,2743030,2023-08-12 05:16:54,2023-08-12 05:19:05,131.06,"Night","Flood",5,15,177.873908760922
244,11797,2744672,2756468,2023-08-12 05:19:38,2023-08-12 05:23:34,235.94,"Night","Flood",5,15,177.814999301456
245,3928,2758663,2762590,2023-08-12 05:24:18,2023-08-12 05:25:36,78.56,"Night","Flood",5,15,175.008900267437
246,3429,2764389,2767817,2023-08-12 05:26:12,2023-08-12 05:27:21,68.58,"Night","Flood",5,15,173.935604849844
247,4411,2770812,2775222,2023-08-12 05:28:21,2023-08-12 05:29:49,88.22,"Night","Flood",5,15,204.165900085492
248,3445,2778037,2781481,2023-08-12 05:30:45,2023-08-12 05:31:54,68.9,"Night","Flood",5,15,181.271982278207
249,11431,2783759,2795189,2023-08-12 05:32:40,2023-08-12 05:36:28,228.62,"Night","Flood",5,15,273.479670566873
250,3918,2796446,2800363,2023-08-12 05:36:53,2023-08-12 05:38:12,78.36,"Night","Flood",5,15,144.389899765431
251,4387,2802706,2807092,2023-08-12 05:38:59,2023-08-12 05:40:26,87.74,"Night","Flood",5,15,168.240020473313
252,3193,2809046,2812238,2023-08-12 05:41:05,2023-08-12 05:42:09,63.86,"Night","High",5,15,173.267127069379
253,529,2813977,2814505,2023-08-12 05:42:44,2023-08-12 05:42:55,10.58,"Night","High",5,15,139.254668055574
254,3378,2816589,2819966,2023-08-12 05:43:36,2023-08-12 05:44:44,67.56,"Night","High",5,15,327.528248606208
255,9875,2822155,2832029,2023-08-12 05:45:28,2023-08-12 05:48:45,197.5,"Night","High",5,15,170.95884730341
256,4531,2834394,2838924,2023-08-12 05:49:32,2023-08-12 05:51:03,90.62,"Night","High",5,15,203.635125595027
257,8621,2841432,2850052,2023-08-12 05:51:53,2023-08-12 05:54:46,172.42,"Night","High",5,15,176.671583602497
258,5900,2851572,2857471,2023-08-12 05:55:16,2023-08-12 05:57:14,118,"Night","High",5,15,176.823324376396
259,8373,2860457,2868829,2023-08-12 05:58:14,2023-08-12 06:01:01,167.46,"Night","High",5,15,163.60661983536
260,5857,2870647,2876503,2023-08-12 06:01:37,2023-08-12 06:03:35,117.14,"Night","High",6,16,164.737394027036
261,2660,2878062,2880721,2023-08-12 06:04:06,2023-08-12 06:04:59,53.2,"Night","High",6,16,177.237617976323
262,3562,2883341,2886902,2023-08-12 06:05:51,2023-08-12 06:07:03,71.24,"Night","High",6,16,180.863516317633
263,3083,2889243,2892325,2023-08-12 06:07:49,2023-08-12 06:08:51,61.66,"Night","High",6,16,181.827989053633
264,2245,2894359,2896603,2023-08-12 06:09:32,2023-08-12 06:10:17,44.9,"Night","High",6,16,318.225717938453
265,2881,2898329,2901209,2023-08-12 06:10:51,2023-08-12 06:11:49,57.62,"Night","High",6,16,177.702798418306
266,7001,2902837,2909837,2023-08-12 06:12:21,2023-08-12 06:14:41,140.02,"Day","High",6,16,182.196882695483
267,2762,2910995,2913756,2023-08-12 06:15:04,2023-08-12 06:16:00,55.24,"Day","High",6,16,180.938542395605
268,5850,2916187,2922036,2023-08-12 06:16:48,2023-08-12 06:18:45,117,"Day","High",6,16,336.86706329442
269,3900,2924091,2927990,2023-08-12 06:19:26,2023-08-12 06:20:44,78,"Day","High",6,16,179.06796546603
270,13195,2930613,2943807,2023-08-12 06:21:37,2023-08-12 06:26:01,263.9,"Day","High",6,16,178.449801721166
271,7201,2945637,2952837,2023-08-12 06:26:37,2023-08-12 06:29:01,144.02,"Day","High",6,16,166.881336538251
272,3339,2955615,2958953,2023-08-12 06:29:57,2023-08-12 06:31:04,66.78,"Day","High",6,16,165.097441099687
273,2226,2961950,2964175,2023-08-12 06:32:04,2023-08-12 06:32:48,44.52,"Day","High",6,16,171.298570090019
274,8825,2966671,2975495,2023-08-12 06:33:38,2023-08-12 06:36:34,176.5,"Day","High",6,16,178.852845317236
275,7582,2977559,2985140,2023-08-12 06:37:16,2023-08-12 06:39:47,151.64,"Day","High",6,16,164.786823184697
276,1986,2987558,2989543,2023-08-12 06:40:36,2023-08-12 06:41:15,39.72,"Day","High",6,16,149.90671482958
277,5594,2992295,2997888,2023-08-12 06:42:10,2023-08-12 06:44:02,111.88,"Day","High",6,16,142.737435544183
278,7950,3000978,3008927,2023-08-12 06:45:04,2023-08-12 06:47:43,159,"Day","High",6,16,156.303041722405
279,4148,3012863,3017010,2023-08-12 06:49:02,2023-08-12 06:50:25,82.96,"Day","High",6,16,157.715247544144
280,10910,3019452,3030361,2023-08-12 06:51:14,2023-08-12 06:54:52,218.2,"Day","High",6,16,173.492295905336
281,6706,3034239,3040944,2023-08-12 06:56:09,2023-08-12 06:58:23,134.12,"Day","High",6,16,181.886117177383
282,2939,3042067,3045005,2023-08-12 06:58:46,2023-08-12 06:59:45,58.78,"Day","High",6,16,168.496789580451
283,1287,3047883,3049169,2023-08-12 07:00:42,2023-08-12 07:01:08,25.74,"Day","High",7,17,328.47442144622
284,2569,3052895,3055463,2023-08-12 07:02:22,2023-08-12 07:03:14,51.38,"Day","High",7,17,172.461739232052
285,6399,3059017,3065415,2023-08-12 07:04:25,2023-08-12 07:06:33,127.98,"Day","High",7,17,338.455188475308
286,12832,3067385,3080216,2023-08-12 07:07:12,2023-08-12 07:11:29,256.64,"Day","High",7,17,228.096406732872
287,7887,3081037,3088923,2023-08-12 07:11:45,2023-08-12 07:14:23,157.74,"Day","High",7,17,266.198768808211
288,18921,3090421,3109341,2023-08-12 07:14:53,2023-08-12 07:21:11,378.42,"Day","High",7,17,224.669308020618
289,3237,3111525,3114761,2023-08-12 07:21:55,2023-08-12 07:23:00,64.74,"Day","High",7,17,284.670975980057
290,21783,3116553,3138335,2023-08-12 07:23:36,2023-08-12 07:30:51,435.66,"Day","High",7,17,228.972300902402
291,8014,3140915,3148928,2023-08-12 07:31:43,2023-08-12 07:34:23,160.28,"Day","High",7,17,214.295394108136
292,2004,3151583,3153586,2023-08-12 07:35:16,2023-08-12 07:35:56,40.08,"Day","High",7,17,270.709493445988
293,11564,3157910,3169473,2023-08-12 07:37:23,2023-08-12 07:41:14,231.28,"Day","High",7,17,250.90939610867
294,17701,3174620,3192320,2023-08-12 07:42:57,2023-08-12 07:48:51,354.02,"Day","Ebb",7,17,259.604601298734
295,3415,3197151,3200565,2023-08-12 07:50:28,2023-08-12 07:51:36,68.3,"Day","Ebb",7,17,273.92219887468
296,9067,3205960,3215026,2023-08-12 07:53:24,2023-08-12 07:56:25,181.34,"Day","Ebb",7,17,317.382483272103
297,26715,3220001,3246715,2023-08-12 07:58:05,2023-08-12 08:06:59,534.3,"Day","Ebb",7,17,272.6078103628
298,21715,3255214,3276928,2023-08-12 08:09:49,2023-08-12 08:17:03,434.3,"Day","Ebb",8,18,339.602493382204
299,14990,3284603,3299592,2023-08-12 08:19:37,2023-08-12 08:24:36,299.8,"Day","Ebb",8,18,333.78983983301
300,16862,3305943,3322804,2023-08-12 08:26:43,2023-08-12 08:32:21,337.24,"Day","Ebb",8,18,356.648366551327
301,32050,3330215,3362264,2023-08-12 08:34:49,2023-08-12 08:45:30,641,"Day","Ebb",8,18,4.14624002747038
302,12596,3368216,3380811,2023-08-12 08:47:29,2023-08-12 08:51:41,251.92,"Day","Ebb",8,18,358.378275077647
303,7164,3387473,3394636,2023-08-12 08:53:54,2023-08-12 08:56:17,143.28,"Day","Ebb",8,18,351.483056798361
304,325,3401246,3401570,2023-08-12 08:58:29,2023-08-12 08:58:36,6.5,"Day","Ebb",8,18,345.415762773596
305,7818,3401781,3409598,2023-08-12 08:58:40,2023-08-12 09:01:16,156.36,"Day","Ebb",8,18,32.0742107112279
306,40351,3419549,3459899,2023-08-12 09:04:35,2023-08-12 09:18:02,807.02,"Day","Ebb",9,19,318.457086192297
307,118193,3465640,3583832,2023-08-12 09:19:57,2023-08-12 09:59:21,2363.86,"Day","Ebb",9,19,317.355299272879
308,6093,3589739,3595831,2023-08-12 10:01:19,2023-08-12 10:03:21,121.86,"Day","Ebb",10,20,19.7623237154596
309,5107,3600064,3605170,2023-08-12 10:04:46,2023-08-12 10:06:28,102.14,"Day","Ebb",10,20,1.55440524648554
310,26709,3607419,3634127,2023-08-12 10:07:13,2023-08-12 10:16:07,534.18,"Day","Ebb",10,20,319.773756401308
311,20807,3643404,3664210,2023-08-12 10:19:13,2023-08-12 10:26:09,416.14,"Day","Ebb",10,20,341.766037049117
312,21413,3672305,3693717,2023-08-12 10:28:51,2023-08-12 10:35:59,428.26,"Day","Ebb",10,20,0.447027859246242
313,12077,3703616,3715692,2023-08-12 10:39:17,2023-08-12 10:43:18,241.54,"Day","Ebb",10,20,12.466913409958
314,17538,3727286,3744823,2023-08-12 10:47:10,2023-08-12 10:53:01,350.76,"Day","Ebb",10,20,345.246807270816
315,221578,3755395,3976972,2023-08-12 10:56:32,2023-08-12 12:10:24,4431.56,"Day","Ebb",10,20,349.937087299989
316,280733,3978786,4259518,2023-08-12 12:11:00,2023-08-12 13:44:35,5614.66,"Day","Low",12,22,226.534966375158
317,147586,4261879,4409464,2023-08-12 13:45:22,2023-08-12 14:34:34,2951.72,"Day","Flood",13,23,217.704716143487
318,22925,4412696,4435620,2023-08-12 14:35:38,2023-08-12 14:43:17,458.5,"Day","Flood",14,24,175.367275901873
319,366,4439120,4439485,2023-08-12 14:44:27,2023-08-12 14:44:34,7.32,"Day","Flood",14,24,162.470374988662
320,193036,4439649,4632684,2023-08-12 14:44:37,2023-08-12 15:48:58,3860.72,"Day","Flood",14,24,163.658158289774
321,19039,4634319,4653357,2023-08-12 15:49:31,2023-08-12 15:55:52,380.78,"Day","Flood",15,25,152.040907005555
322,255,4655634,4655888,2023-08-12 15:56:37,2023-08-12 15:56:42,5.1,"Day","Flood",15,25,129.165361714247
323,13061,4655992,4669052,2023-08-12 15:56:44,2023-08-12 16:01:06,261.22,"Day","Flood",15,25,121.859555246039
324,33461,4672652,4706112,2023-08-12 16:02:18,2023-08-12 16:13:27,669.22,"Day","Flood",16,26,155.206077677668
325,38934,4714099,4753032,2023-08-12 16:16:06,2023-08-12 16:29:05,778.68,"Day","Flood",16,26,175.805707131915
326,6594,4757548,4764141,2023-08-12 16:30:35,2023-08-12 16:32:47,131.88,"Day","Flood",16,26,202.716828735387
327,12820,4769885,4782704,2023-08-12 16:34:42,2023-08-12 16:38:59,256.4,"Day","Flood",16,26,170.662411934297
328,19357,4789152,4808508,2023-08-12 16:41:08,2023-08-12 16:47:35,387.14,"Day","Flood",16,26,216.665365859035
329,15926,4815336,4831261,2023-08-12 16:49:51,2023-08-12 16:55:10,318.52,"Day","Flood",16,26,305.930017039202
330,19814,4834224,4854037,2023-08-12 16:56:09,2023-08-12 17:02:45,396.28,"Day","Flood",16,26,224.921469838187
331,50997,4857866,4908862,2023-08-12 17:04:02,2023-08-12 17:21:02,1019.94,"Day","Flood",17,27,331.089322862108
332,44031,4921981,4966011,2023-08-12 17:25:24,2023-08-12 17:40:05,880.62,"Day","Flood",17,27,172.260908172011
333,2190,4971575,4973764,2023-08-12 17:41:56,2023-08-12 17:42:40,43.8,"Day","Flood",17,27,212.279980780677
334,206,4986327,4986532,2023-08-12 17:46:51,2023-08-12 17:46:55,4.12,"Day","Flood",17,27,236.08235510696
335,11621,4986682,4998302,2023-08-12 17:46:58,2023-08-12 17:50:51,232.42,"Day","Flood",17,27,245.093165416878
336,22653,5005062,5027714,2023-08-12 17:53:06,2023-08-12 18:00:39,453.06,"Day","Flood",17,27,176.518818935466
337,15546,5038505,5054050,2023-08-12 18:04:15,2023-08-12 18:09:26,310.92,"Day","Flood",18,28,121.849694565194
338,2693,5057937,5060629,2023-08-12 18:10:43,2023-08-12 18:11:37,53.86,"Day","High",18,28,164.674857202221
339,1921,5062402,5064322,2023-08-12 18:12:13,2023-08-12 18:12:51,38.42,"Day","High",18,28,164.677043464328
340,1369,5067550,5068918,2023-08-12 18:13:56,2023-08-12 18:14:23,27.38,"Day","High",18,28,176.141300251687
341,259,5071590,5071848,2023-08-12 18:15:16,2023-08-12 18:15:21,5.18,"Day","High",18,28,222.720573601518
342,62778,5072000,5134777,2023-08-12 18:15:25,2023-08-12 18:36:20,1255.56,"Day","High",18,28,175.376171572596
343,3386,5137451,5140836,2023-08-12 18:37:14,2023-08-12 18:38:21,67.72,"Day","High",18,28,157.215505962056
344,7716,5143335,5151050,2023-08-12 18:39:11,2023-08-12 18:41:46,154.32,"Day","High",18,28,171.812576192459
345,14947,5153559,5168505,2023-08-12 18:42:36,2023-08-12 18:47:35,298.94,"Day","High",18,28,210.982141126022
346,22147,5172798,5194944,2023-08-12 18:49:00,2023-08-12 18:56:23,442.94,"Day","High",18,28,215.519679101832
347,16166,5196914,5213079,2023-08-12 18:57:03,2023-08-12 19:02:26,323.32,"Day","High",18,28,204.572742410849
348,8779,5214502,5223280,2023-08-12 19:02:55,2023-08-12 19:05:50,175.58,"Day","High",19,29,248.764329659084
349,24866,5225028,5249893,2023-08-12 19:06:25,2023-08-12 19:14:42,497.32,"Day","High",19,29,221.627176848069
350,1668,5251609,5253276,2023-08-12 19:15:17,2023-08-12 19:15:50,33.36,"Day","High",19,29,95.8812327879199
351,16674,5255641,5272314,2023-08-12 19:16:37,2023-08-12 19:22:11,333.48,"Day","High",19,29,224.084301913073
352,1447,5273915,5275361,2023-08-12 19:22:43,2023-08-12 19:23:12,28.94,"Day","High",19,29,206.180011353935
353,7149,5278226,5285374,2023-08-12 19:24:09,2023-08-12 19:26:32,142.98,"Day","High",19,29,251.540934473346
354,11146,5288028,5299173,2023-08-12 19:27:25,2023-08-12 19:31:08,222.92,"Day","High",19,29,208.75590017202
355,6141,5302932,5309072,2023-08-12 19:32:23,2023-08-12 19:34:26,122.82,"Day","High",19,29,59.6413056346802
356,5091,5311936,5317026,2023-08-12 19:35:23,2023-08-12 19:37:05,101.82,"Day","High",19,29,181.870147145003
357,9430,5320310,5329739,2023-08-12 19:38:11,2023-08-12 19:41:19,188.6,"Day","High",19,29,231.906255802235
358,12303,5333102,5345404,2023-08-12 19:42:27,2023-08-12 19:46:33,246.06,"Day","High",19,29,232.526186144267
359,23980,5350763,5374742,2023-08-12 19:48:20,2023-08-12 19:56:19,479.6,"Day","High",19,29,184.357543830073
360,19971,5377510,5397480,2023-08-12 19:57:15,2023-08-12 20:03:54,399.42,"Day","High",19,29,109.292105670617
361,7789,5400625,5408413,2023-08-12 20:04:57,2023-08-12 20:07:33,155.78,"Night","High",20,30,228.191717131173
362,7914,5413956,5421869,2023-08-12 20:09:24,2023-08-12 20:12:02,158.28,"Night","Ebb",20,30,240.109643424893
363,576,5424197,5424772,2023-08-12 20:12:48,2023-08-12 20:13:00,11.52,"Night","Ebb",20,30,145.045351858472
364,2944,5426529,5429472,2023-08-12 20:13:35,2023-08-12 20:14:34,58.88,"Night","Ebb",20,30,215.628326636292
365,11060,5435158,5446217,2023-08-12 20:16:28,2023-08-12 20:20:09,221.2,"Night","Ebb",20,30,215.009032028277
366,5923,5451175,5457097,2023-08-12 20:21:48,2023-08-12 20:23:46,118.46,"Night","Ebb",20,30,212.255656166637
367,5507,5460007,5465513,2023-08-12 20:24:45,2023-08-12 20:26:35,110.14,"Night","Ebb",20,30,206.191260282161
368,36011,5467700,5503710,2023-08-12 20:27:19,2023-08-12 20:39:19,720.22,"Night","Ebb",20,30,226.244961923436
369,13802,5504872,5518673,2023-08-12 20:39:42,2023-08-12 20:44:18,276.04,"Night","Ebb",20,30,240.11363328398
370,8865,5520437,5529301,2023-08-12 20:44:53,2023-08-12 20:47:51,177.3,"Night","Ebb",20,30,216.234077021125
371,21569,5531213,5552781,2023-08-12 20:48:29,2023-08-12 20:55:40,431.38,"Night","Ebb",20,30,230.152959862041
372,6175,5553961,5560135,2023-08-12 20:56:04,2023-08-12 20:58:07,123.5,"Night","Ebb",20,30,203.055068107176
373,22570,5561834,5584403,2023-08-12 20:58:41,2023-08-12 21:06:13,451.4,"Night","Ebb",20,30,207.491153859436
374,14710,5586093,5600802,2023-08-12 21:06:46,2023-08-12 21:11:41,294.2,"Night","Ebb",21,31,296.82446041241
375,7671,5619739,5627409,2023-08-12 21:17:59,2023-08-12 21:20:33,153.42,"Night","Ebb",21,31,206.762332362996
376,17258,5629965,5647222,2023-08-12 21:21:24,2023-08-12 21:27:09,345.16,"Night","Ebb",21,31,131.543149668097
377,18836,5650406,5669241,2023-08-12 21:28:13,2023-08-12 21:34:29,376.72,"Night","Ebb",21,31,91.8145102242312
378,22021,5673107,5695127,2023-08-12 21:35:47,2023-08-12 21:43:07,440.42,"Night","Ebb",21,31,309.295978799837
379,29982,5699611,5729592,2023-08-12 21:44:37,2023-08-12 21:54:36,599.64,"Night","Ebb",21,31,321.773462584247
380,16462,5732143,5748604,2023-08-12 21:55:27,2023-08-12 22:00:57,329.24,"Night","Ebb",21,31,330.652892290945
381,136227,5755633,5891859,2023-08-12 22:03:17,2023-08-12 22:48:42,2724.54,"Night","Ebb",22,32,0.814011475161122
382,15003,5893236,5908238,2023-08-12 22:49:09,2023-08-12 22:54:09,300.06,"Night","Ebb",22,32,315.020906671653
383,5824,5911259,5917082,2023-08-12 22:55:10,2023-08-12 22:57:06,116.48,"Night","Ebb",22,32,355.821074190458
384,5300,5917770,5923069,2023-08-12 22:57:20,2023-08-12 22:59:06,106,"Night","Ebb",22,32,315.855382212298
385,5285,5927630,5932914,2023-08-12 23:00:37,2023-08-12 23:02:23,105.7,"Night","Ebb",23,33,346.721408842507
386,11308,5936290,5947597,2023-08-12 23:03:30,2023-08-12 23:07:16,226.16,"Night","Ebb",23,33,317.96881739774
387,4658,5959561,5964218,2023-08-12 23:11:16,2023-08-12 23:12:49,93.16,"Night","Ebb",23,33,344.780240427998
388,7706,5972013,5979718,2023-08-12 23:15:25,2023-08-12 23:17:59,154.12,"Night","Ebb",23,33,350.005107353191
389,13256,5988440,6001695,2023-08-12 23:20:53,2023-08-12 23:25:18,265.12,"Night","Ebb",23,33,346.929980094186
390,82095,6006946,6089040,2023-08-12 23:27:03,2023-08-12 23:54:25,1641.9,"Night","Ebb",23,33,10.3269257600739
391,124953,6094514,6219466,2023-08-12 23:56:15,2023-08-13 00:37:54,2499.06,"Night","Ebb",23,33,329.165128761256
392,19118,6224148,6243265,2023-08-13 00:39:27,2023-08-13 00:45:50,382.36,"Night","Low",0,34,308.685546361881
393,5143,6248359,6253501,2023-08-13 00:47:32,2023-08-13 00:49:15,102.86,"Night","Low",0,34,290.56635211383
394,9311,6255862,6265172,2023-08-13 00:50:02,2023-08-13 00:53:08,186.22,"Night","Low",0,34,299.334941961606
395,17749,6272149,6289897,2023-08-13 00:55:27,2023-08-13 01:01:22,354.98,"Night","Low",0,34,281.469308724827
396,17328,6293903,6311230,2023-08-13 01:02:43,2023-08-13 01:08:29,346.56,"Night","Low",1,35,280.831896349545
397,1687,6316270,6317956,2023-08-13 01:10:10,2023-08-13 01:10:44,33.74,"Night","Low",1,35,298.259170247432
398,24417,6321413,6345829,2023-08-13 01:11:53,2023-08-13 01:20:01,488.34,"Night","Low",1,35,288.398311432854
399,22755,6348416,6371170,2023-08-13 01:20:53,2023-08-13 01:28:28,455.1,"Night","Low",1,35,142.375319410428
400,37828,6372853,6410680,2023-08-13 01:29:02,2023-08-13 01:41:38,756.56,"Night","Low",1,35,122.332505121564
401,34802,6412014,6446815,2023-08-13 01:42:05,2023-08-13 01:53:41,696.04,"Night","Low",1,35,123.591589062281
402,6233,6448094,6454326,2023-08-13 01:54:06,2023-08-13 01:56:11,124.66,"Night","Low",1,35,144.686950801761
403,28802,6456058,6484859,2023-08-13 01:56:46,2023-08-13 02:06:22,576.04,"Night","Low",1,35,131.278850070213
404,4704,6486888,6491591,2023-08-13 02:07:02,2023-08-13 02:08:36,94.08,"Night","Low",2,36,156.009403410003
405,35878,6493912,6529789,2023-08-13 02:09:23,2023-08-13 02:21:20,717.56,"Night","Low",2,36,150.188804904849
406,52046,6530970,6583015,2023-08-13 02:21:44,2023-08-13 02:39:05,1040.92,"Night","Low",2,36,151.441461157799
407,74872,6584183,6659054,2023-08-13 02:39:28,2023-08-13 03:04:26,1497.44,"Night","Flood",2,36,148.482133849862
408,35182,6660119,6695300,2023-08-13 03:04:47,2023-08-13 03:16:31,703.64,"Night","Flood",3,37,169.023386963896
409,21471,6696132,6717602,2023-08-13 03:16:47,2023-08-13 03:23:57,429.42,"Night","Flood",3,37,202.541066627714
410,8114,6718482,6726595,2023-08-13 03:24:14,2023-08-13 03:26:56,162.28,"Night","Flood",3,37,161.272871507771
411,9116,6727792,6736907,2023-08-13 03:27:20,2023-08-13 03:30:23,182.32,"Night","Flood",3,37,114.35255333774
412,17943,6738518,6756460,2023-08-13 03:30:55,2023-08-13 03:36:54,358.86,"Night","Flood",3,37,128.485441802468
413,34461,6757989,6792449,2023-08-13 03:37:24,2023-08-13 03:48:53,689.22,"Night","Flood",3,37,136.540506572288
414,10398,6794355,6804752,2023-08-13 03:49:32,2023-08-13 03:53:00,207.96,"Night","Flood",3,37,142.587944266529
415,11518,6806688,6818205,2023-08-13 03:53:38,2023-08-13 03:57:29,230.36,"Night","Flood",3,37,123.103973130598
416,15493,6821377,6836869,2023-08-13 03:58:32,2023-08-13 04:03:42,309.86,"Night","Flood",3,37,119.541305028659
417,21621,6839290,6860910,2023-08-13 04:04:30,2023-08-13 04:11:43,432.42,"Night","Flood",4,38,120.441143740917
418,19122,6862988,6882109,2023-08-13 04:12:24,2023-08-13 04:18:47,382.44,"Night","Flood",4,38,131.05827998732
419,10469,6886404,6896872,2023-08-13 04:20:13,2023-08-13 04:23:42,209.38,"Night","Flood",4,38,131.533663624895
420,20031,6901287,6921317,2023-08-13 04:25:10,2023-08-13 04:31:51,400.62,"Night","Flood",4,38,136.940100094708
421,13566,6925490,6939055,2023-08-13 04:33:14,2023-08-13 04:37:46,271.32,"Night","Flood",4,38,135.27279305974
422,51081,6943998,6995078,2023-08-13 04:39:24,2023-08-13 04:56:26,1021.62,"Night","Flood",4,38,139.887277220813
423,12281,6996931,7009211,2023-08-13 04:57:03,2023-08-13 05:01:09,245.62,"Night","Flood",4,38,125.718894149451
424,14192,7011520,7025711,2023-08-13 05:01:55,2023-08-13 05:06:39,283.84,"Night","Flood",5,39,126.963494111662
425,9221,7028347,7037567,2023-08-13 05:07:31,2023-08-13 05:10:36,184.42,"Night","Flood",5,39,151.901855908608
426,3438,7041080,7044517,2023-08-13 05:11:46,2023-08-13 05:12:55,68.76,"Night","Flood",5,39,151.299905410814
427,6020,7048091,7054110,2023-08-13 05:14:06,2023-08-13 05:16:07,120.4,"Night","Flood",5,39,149.751893714004
428,4283,7057895,7062177,2023-08-13 05:17:22,2023-08-13 05:18:48,85.66,"Night","Flood",5,39,147.125758048246
429,12556,7067670,7080225,2023-08-13 05:20:38,2023-08-13 05:24:49,251.12,"Night","Flood",5,39,160.053339224782
430,6162,7081615,7087776,2023-08-13 05:25:17,2023-08-13 05:27:20,123.24,"Night","Flood",5,39,129.181790852527
431,10571,7090187,7100757,2023-08-13 05:28:08,2023-08-13 05:31:40,211.42,"Night","Flood",5,39,143.778045219568
432,291340,7103623,7394962,2023-08-13 05:32:37,2023-08-13 07:09:44,5826.8,"Night","Flood",5,39,143.835405888707
433,66649,7395140,7461788,2023-08-13 07:09:47,2023-08-13 07:32:00,1332.98,"Day","High",7,41,140.362282032904
434,6252,7463999,7470250,2023-08-13 07:32:44,2023-08-13 07:34:50,125.04,"Day","High",7,41,132.960739359945
435,22733,7473270,7496002,2023-08-13 07:35:50,2023-08-13 07:43:25,454.66,"Day","High",7,41,144.026212983148
436,4185,7497571,7501755,2023-08-13 07:43:56,2023-08-13 07:45:20,83.7,"Day","High",7,41,142.245094378865
437,37543,7504811,7542353,2023-08-13 07:46:21,2023-08-13 07:58:52,750.86,"Day","High",7,41,141.667433845546
438,110648,7544827,7655474,2023-08-13 07:59:41,2023-08-13 08:36:34,2212.96,"Day","High",7,41,148.152017875579
439,5669,7657177,7662845,2023-08-13 08:37:08,2023-08-13 08:39:01,113.38,"Day","Ebb",8,42,149.624355076602
440,14988,7664999,7679986,2023-08-13 08:39:44,2023-08-13 08:44:44,299.76,"Day","Ebb",8,42,155.206965802777
441,9280,7681781,7691060,2023-08-13 08:45:20,2023-08-13 08:48:26,185.6,"Day","Ebb",8,42,147.810484144171
442,9404,7693213,7702616,2023-08-13 08:49:09,2023-08-13 08:52:17,188.08,"Day","Ebb",8,42,151.478638427258
443,22771,7704457,7727227,2023-08-13 08:52:54,2023-08-13 09:00:29,455.42,"Day","Ebb",8,42,168.369314738123
444,15132,7728734,7743865,2023-08-13 09:00:59,2023-08-13 09:06:02,302.64,"Day","Ebb",9,43,160.489464491522
445,6759,7745259,7752017,2023-08-13 09:06:30,2023-08-13 09:08:45,135.18,"Day","Ebb",9,43,134.42803941109
446,21270,7753858,7775127,2023-08-13 09:09:22,2023-08-13 09:16:27,425.4,"Day","Ebb",9,43,119.906079936767
447,10819,7776403,7787221,2023-08-13 09:16:53,2023-08-13 09:20:29,216.38,"Day","Ebb",9,43,121.32363283939
448,89002,7789777,7878778,2023-08-13 09:21:20,2023-08-13 09:51:00,1780.04,"Day","Ebb",9,43,133.342186256277
449,9876,7880237,7890112,2023-08-13 09:51:29,2023-08-13 09:54:47,197.52,"Day","Ebb",9,43,150.771589490643
450,12360,7892346,7904705,2023-08-13 09:55:31,2023-08-13 09:59:39,247.2,"Day","Ebb",9,43,138.024208885643
451,47986,7907366,7955351,2023-08-13 10:00:32,2023-08-13 10:16:32,959.72,"Day","Ebb",10,44,126.860241232042
452,5343,7957271,7962613,2023-08-13 10:17:10,2023-08-13 10:18:57,106.86,"Day","Ebb",10,44,247.373218397897
453,267257,7965264,8232520,2023-08-13 10:19:50,2023-08-13 11:48:55,5345.14,"Day","Ebb",10,44,236.097319001089
454,244933,8238994,8483926,2023-08-13 11:51:04,2023-08-13 13:12:43,4898.66,"Day","Ebb",11,45,315.725076067281
455,41628,8486871,8528498,2023-08-13 13:13:42,2023-08-13 13:27:34,832.56,"Day","Low",13,47,110.569097340929
456,61537,8530219,8591755,2023-08-13 13:28:09,2023-08-13 13:48:40,1230.74,"Day","Low",13,47,110.572293099643
457,8409,8592825,8601233,2023-08-13 13:49:01,2023-08-13 13:51:49,168.18,"Day","Low",13,47,161.577138242409
458,34570,8603313,8637882,2023-08-13 13:52:31,2023-08-13 14:04:02,691.4,"Day","Low",13,47,181.863907936703
459,9751,8639291,8649041,2023-08-13 14:04:30,2023-08-13 14:07:45,195.02,"Day","Low",14,48,177.360799703234
460,28108,8650802,8678909,2023-08-13 14:08:21,2023-08-13 14:17:43,562.16,"Day","Low",14,48,175.3566455265
461,11447,8680452,8691898,2023-08-13 14:18:14,2023-08-13 14:22:02,228.94,"Day","Flood",14,48,172.563506992102
462,5874,8693470,8699343,2023-08-13 14:22:34,2023-08-13 14:24:31,117.48,"Day","Flood",14,48,169.278903136479
463,47895,8701404,8749298,2023-08-13 14:25:13,2023-08-13 14:41:10,957.9,"Day","Flood",14,48,175.94282122914
464,51994,8750661,8802654,2023-08-13 14:41:38,2023-08-13 14:58:58,1039.88,"Day","Flood",14,48,167.011921502447
465,6500,8804197,8810696,2023-08-13 14:59:28,2023-08-13 15:01:38,130,"Day","Flood",14,48,165.665127076647
466,13491,8812690,8826180,2023-08-13 15:02:18,2023-08-13 15:06:48,269.82,"Day","Flood",15,49,145.658519622659
467,68967,8829076,8898042,2023-08-13 15:07:46,2023-08-13 15:30:45,1379.34,"Day","Flood",15,49,145.57805086644
468,161,8899884,8900044,2023-08-13 15:31:22,2023-08-13 15:31:25,3.22,"Day","Flood",15,49,285.788508327939
469,6847,8901716,8908562,2023-08-13 15:31:59,2023-08-13 15:34:16,136.94,"Day","Flood",15,49,211.598460655016
470,1067,8911689,8912755,2023-08-13 15:35:18,2023-08-13 15:35:40,21.34,"Day","Flood",15,49,173.026789565681
471,162919,8914446,9077364,2023-08-13 15:36:13,2023-08-13 16:30:32,3258.38,"Day","Flood",15,49,177.825319189928
472,10951,9079133,9090083,2023-08-13 16:31:07,2023-08-13 16:34:46,219.02,"Day","Flood",16,50,180.927413884159
473,1389,9091696,9093084,2023-08-13 16:35:18,2023-08-13 16:35:46,27.78,"Day","Flood",16,50,172.209291199546
474,450,9094508,9094957,2023-08-13 16:36:15,2023-08-13 16:36:24,9,"Day","Flood",16,50,161.311638810874
475,3879,9096088,9099966,2023-08-13 16:36:46,2023-08-13 16:38:04,77.58,"Day","Flood",16,50,166.033901033711
476,6731,9101399,9108129,2023-08-13 16:38:32,2023-08-13 16:40:47,134.62,"Day","Flood",16,50,20.2251128830715
477,234886,9110512,9345397,2023-08-13 16:41:35,2023-08-13 17:59:52,4697.72,"Day","Flood",16,50,177.392280580205
478,2917,9346905,9349821,2023-08-13 18:00:23,2023-08-13 18:01:21,58.34,"Day","Flood",18,52,149.136469505013
479,355918,9351123,9707040,2023-08-13 18:01:47,2023-08-13 20:00:25,7118.36,"Day","Flood",18,52,162.869866001428
480,484092,9707158,10191249,2023-08-13 20:00:28,2023-08-13 22:41:49,9681.84,"Night","High",20,54,167.188133118313
481,227,10192080,10192306,2023-08-13 22:42:06,2023-08-13 22:42:11,4.54,"Night","Ebb",22,56,156.483215764858
482,6756,10192979,10199734,2023-08-13 22:42:24,2023-08-13 22:44:39,135.12,"Night","Ebb",22,56,278.346021513195
483,8920,10204216,10213135,2023-08-13 22:46:09,2023-08-13 22:49:07,178.4,"Night","Ebb",22,56,278.627256052848
484,8122,10217680,10225801,2023-08-13 22:50:38,2023-08-13 22:53:21,162.44,"Night","Ebb",22,56,226.258480335513
485,47943,10230951,10278893,2023-08-13 22:55:04,2023-08-13 23:11:02,958.86,"Night","Ebb",22,56,338.01953495052
486,10369,10285611,10295979,2023-08-13 23:13:17,2023-08-13 23:16:44,207.38,"Night","Ebb",23,57,333.469677786349
487,64220,10304886,10369105,2023-08-13 23:19:42,2023-08-13 23:41:07,1284.4,"Night","Ebb",23,57,327.993254112489
488,6079,10378036,10384114,2023-08-13 23:44:05,2023-08-13 23:46:07,121.58,"Night","Ebb",23,57,14.2645713467859
489,9845,10392839,10402683,2023-08-13 23:49:01,2023-08-13 23:52:18,196.9,"Night","Ebb",23,57,13.9147964882439
490,28478,10411203,10439680,2023-08-13 23:55:09,2023-08-14 00:04:38,569.56,"Night","Ebb",23,57,349.092483408994
491,122140,10445004,10567143,2023-08-14 00:06:25,2023-08-14 00:47:07,2442.8,"Night","Ebb",0,58,20.6659764291751
492,4553,10574100,10578652,2023-08-14 00:49:27,2023-08-14 00:50:58,91.06,"Night","Ebb",0,58,354.338547647873
493,506253,10586036,11092288,2023-08-14 00:53:25,2023-08-14 03:42:10,10125.06,"Night","Ebb",0,58,18.3174344213636
494,265,11092808,11093072,2023-08-14 03:42:21,2023-08-14 03:42:26,5.3,"Night","Flood",3,61,38.4804068291384
495,26712,11093725,11120436,2023-08-14 03:42:39,2023-08-14 03:51:33,534.24,"Night","Flood",3,61,172.6368791702
496,129817,11121734,11251550,2023-08-14 03:51:59,2023-08-14 04:35:16,2596.34,"Night","Flood",3,61,236.961945109312
497,1291,11252624,11253914,2023-08-14 04:35:37,2023-08-14 04:36:03,25.82,"Night","Flood",4,62,168.14667969027
498,36082,11255954,11292035,2023-08-14 04:36:44,2023-08-14 04:48:45,721.64,"Night","Flood",4,62,204.986268225081
499,5186,11293375,11298560,2023-08-14 04:49:12,2023-08-14 04:50:56,103.72,"Night","Flood",4,62,168.804053386381
500,2922,11300657,11303578,2023-08-14 04:51:38,2023-08-14 04:52:36,58.44,"Night","Flood",4,62,164.971399260669
501,5581,11305722,11311302,2023-08-14 04:53:19,2023-08-14 04:55:11,111.62,"Night","Flood",4,62,164.388234816721
502,4963,11314127,11319089,2023-08-14 04:56:07,2023-08-14 04:57:46,99.26,"Night","Flood",4,62,163.011058485072
503,135079,11321648,11456726,2023-08-14 04:58:37,2023-08-14 05:43:39,2701.58,"Night","Flood",4,62,154.612854634529
504,12296,11457984,11470279,2023-08-14 05:44:04,2023-08-14 05:48:10,245.92,"Night","Flood",5,63,176.447852863199
505,16647,11471860,11488506,2023-08-14 05:48:42,2023-08-14 05:54:15,332.94,"Night","Flood",5,63,174.415504555097
506,574420,11490178,12064597,2023-08-14 05:54:48,2023-08-14 09:06:16,11488.4,"Night","Flood",5,63,164.688786409536
507,94181,12065941,12160121,2023-08-14 09:06:43,2023-08-14 09:38:07,1883.62,"Day","High",9,67,170.628885166
508,139476,12163204,12302679,2023-08-14 09:39:09,2023-08-14 10:25:38,2789.52,"Day","Ebb",9,67,184.652481321187
509,290,12303462,12303751,2023-08-14 10:25:54,2023-08-14 10:26:00,5.8,"Day","Ebb",10,68,119.542154043345
510,46857,12304042,12350898,2023-08-14 10:26:05,2023-08-14 10:41:42,937.14,"Day","Ebb",10,68,252.221425585938
511,202350,12353290,12555639,2023-08-14 10:42:30,2023-08-14 11:49:57,4047,"Day","Ebb",10,68,317.076111966737
512,99404,12556541,12655944,2023-08-14 11:50:15,2023-08-14 12:23:23,1988.08,"Day","Ebb",11,69,13.5831666577886
513,25021,12660766,12685786,2023-08-14 12:25:00,2023-08-14 12:33:20,500.42,"Day","Ebb",12,70,349.882658824134
514,43430,12690322,12733751,2023-08-14 12:34:51,2023-08-14 12:49:20,868.6,"Day","Ebb",12,70,19.789606176027
515,156498,12741415,12897912,2023-08-14 12:51:53,2023-08-14 13:44:03,3129.96,"Day","Ebb",12,70,7.54418901234972
516,135225,12902794,13038018,2023-08-14 13:45:40,2023-08-14 14:30:45,2704.5,"Day","Low",13,71,292.880178357174
517,3336,13043276,13046611,2023-08-14 14:32:30,2023-08-14 14:33:37,66.72,"Day","Low",14,72,123.17293224042
518,6470,13052680,13059149,2023-08-14 14:35:38,2023-08-14 14:37:47,129.4,"Day","Low",14,72,142.928194124928
519,3447,13065797,13069243,2023-08-14 14:40:00,2023-08-14 14:41:09,68.94,"Day","Low",14,72,132.906311229996
520,47579,13072285,13119863,2023-08-14 14:42:10,2023-08-14 14:58:02,951.58,"Day","Low",14,72,208.403044493044
521,38208,13120408,13158615,2023-08-14 14:58:13,2023-08-14 15:10:57,764.16,"Day","Flood",14,72,184.261918957424
522,11725,13159957,13171681,2023-08-14 15:11:24,2023-08-14 15:15:18,234.5,"Day","Flood",15,73,181.580816240068
523,3347,13174561,13177907,2023-08-14 15:16:16,2023-08-14 15:17:23,66.94,"Day","Flood",15,73,146.447784758642
524,4193,13180120,13184312,2023-08-14 15:18:07,2023-08-14 15:19:31,83.86,"Day","Flood",15,73,178.887017326202
525,27566,13186435,13214000,2023-08-14 15:20:13,2023-08-14 15:29:25,551.32,"Day","Flood",15,73,208.608487641099
526,2643,13215180,13217822,2023-08-14 15:29:48,2023-08-14 15:30:41,52.86,"Day","Flood",15,73,214.945344055195
527,3521,13221355,13224875,2023-08-14 15:31:52,2023-08-14 15:33:02,70.42,"Day","Flood",15,73,178.504919352988
528,5038,13230160,13235197,2023-08-14 15:34:48,2023-08-14 15:36:28,100.76,"Day","Flood",15,73,170.722220009653
529,220705,13239188,13459892,2023-08-14 15:37:48,2023-08-14 16:51:22,4414.1,"Day","Flood",15,73,77.1942285414824
530,5824,13460814,13466637,2023-08-14 16:51:41,2023-08-14 16:53:37,116.48,"Day","Flood",16,74,157.593928794298
531,301306,13468058,13769363,2023-08-14 16:54:06,2023-08-14 18:34:32,6026.12,"Day","Flood",16,74,168.186633855154
532,1293,13770427,13771719,2023-08-14 18:34:53,2023-08-14 18:35:19,25.86,"Day","Flood",18,76,162.345686294853
533,345167,13773073,14118239,2023-08-14 18:35:46,2023-08-14 20:30:49,6903.34,"Day","Flood",18,76,168.019529590826
534,172,14118558,14118729,2023-08-14 20:30:56,2023-08-14 20:30:59,3.44,"Night","High",20,78,156.436346356906
535,100315,14120787,14221101,2023-08-14 20:31:40,2023-08-14 21:05:07,2006.3,"Night","High",20,78,143.343889079504
536,12568,14222022,14234589,2023-08-14 21:05:25,2023-08-14 21:09:36,251.36,"Night","High",21,79,133.67066371648
537,4536,14235945,14240480,2023-08-14 21:10:03,2023-08-14 21:11:34,90.72,"Night","High",21,79,122.312216011769
538,60946,14242308,14303253,2023-08-14 21:12:11,2023-08-14 21:32:30,1218.92,"Night","High",21,79,132.581149309027
539,62119,14304786,14366904,2023-08-14 21:33:00,2023-08-14 21:53:43,1242.38,"Night","High",21,79,124.569916552299
540,6195,14368402,14374596,2023-08-14 21:54:13,2023-08-14 21:56:16,123.9,"Night","Ebb",21,79,130.563776684084
541,11134,14376063,14387196,2023-08-14 21:56:46,2023-08-14 22:00:28,222.68,"Night","Ebb",21,79,121.479815747862
542,29562,14390457,14420018,2023-08-14 22:01:34,2023-08-14 22:11:25,591.24,"Night","Ebb",22,80,127.582392619661
543,113194,14422335,14535528,2023-08-14 22:12:11,2023-08-14 22:49:55,2263.88,"Night","Ebb",22,80,340.625495100393
544,6998,14538337,14545334,2023-08-14 22:50:51,2023-08-14 22:53:11,139.96,"Night","Ebb",22,80,7.53294106382923
545,4407,14550226,14554632,2023-08-14 22:54:49,2023-08-14 22:56:17,88.14,"Night","Ebb",22,80,24.5533186790167
546,36308,14558121,14594428,2023-08-14 22:57:27,2023-08-14 23:09:33,726.16,"Night","Ebb",22,80,337.013267191898
547,28152,14597526,14625677,2023-08-14 23:10:35,2023-08-14 23:19:58,563.04,"Night","Ebb",23,81,318.834312787179
548,14322,14627743,14642064,2023-08-14 23:20:39,2023-08-14 23:25:26,286.44,"Night","Ebb",23,81,325.502032311237
549,34346,14644789,14679134,2023-08-14 23:26:20,2023-08-14 23:37:47,686.92,"Night","Ebb",23,81,311.09952994694
550,19045,14680770,14699814,2023-08-14 23:38:20,2023-08-14 23:44:41,380.9,"Night","Ebb",23,81,324.207538367078
551,45551,14701542,14747092,2023-08-14 23:45:15,2023-08-15 00:00:26,911.02,"Night","Ebb",23,81,307.414398287776
552,7551,14748689,14756239,2023-08-15 00:00:58,2023-08-15 00:03:29,151.02,"Night","Ebb",0,82,308.667632145009
553,40445,14758204,14798648,2023-08-15 00:04:09,2023-08-15 00:17:37,808.9,"Night","Ebb",0,82,312.333740089216
554,73202,14800953,14874154,2023-08-15 00:18:24,2023-08-15 00:42:48,1464.04,"Night","Ebb",0,82,338.243127851734
555,16384,14875268,14891651,2023-08-15 00:43:10,2023-08-15 00:48:38,327.68,"Night","Ebb",0,82,349.371946882024
556,36499,14893310,14929808,2023-08-15 00:49:11,2023-08-15 01:01:21,729.98,"Night","Ebb",0,82,327.24524618769
557,68055,14932948,15001002,2023-08-15 01:02:23,2023-08-15 01:25:05,1361.1,"Night","Ebb",1,83,4.61161511107408
558,54161,15002356,15056516,2023-08-15 01:25:32,2023-08-15 01:43:35,1083.22,"Night","Ebb",1,83,17.9719916185452
559,2673,15058187,15060859,2023-08-15 01:44:08,2023-08-15 01:45:02,53.46,"Night","Ebb",1,83,351.614979967866
560,6095,15063350,15069444,2023-08-15 01:45:52,2023-08-15 01:47:53,121.9,"Night","Ebb",1,83,27.1308868297505
561,10060,15075351,15085410,2023-08-15 01:49:52,2023-08-15 01:53:13,201.2,"Night","Ebb",1,83,35.1660027307239
562,3122,15086618,15089739,2023-08-15 01:53:37,2023-08-15 01:54:39,62.44,"Night","Ebb",1,83,36.6278142631538
563,59426,15093349,15152774,2023-08-15 01:55:51,2023-08-15 02:15:40,1188.52,"Night","Ebb",1,83,21.8726541647859
564,23486,15154027,15177512,2023-08-15 02:16:05,2023-08-15 02:23:55,469.72,"Night","Low",2,84,31.8876921499461
565,15609,15179704,15195312,2023-08-15 02:24:39,2023-08-15 02:29:51,312.18,"Night","Low",2,84,42.8896290804479
566,27987,15196810,15224796,2023-08-15 02:30:21,2023-08-15 02:39:40,559.74,"Night","Low",2,84,42.0342463251342
567,3765,15226902,15230666,2023-08-15 02:40:23,2023-08-15 02:41:38,75.3,"Night","Low",2,84,36.9952768650471
568,9841,15234370,15244210,2023-08-15 02:42:52,2023-08-15 02:46:09,196.82,"Night","Low",2,84,38.4652175496092
569,43350,15247684,15291033,2023-08-15 02:47:18,2023-08-15 03:01:45,867,"Night","Low",2,84,51.7160426793281
570,136702,15292691,15429392,2023-08-15 03:02:18,2023-08-15 03:47:52,2734.04,"Night","Low",3,85,24.4163765290559
571,26411,15429905,15456315,2023-08-15 03:48:03,2023-08-15 03:56:51,528.22,"Night","Low",3,85,163.628966101857
572,297,15457355,15457651,2023-08-15 03:57:12,2023-08-15 03:57:18,5.94,"Night","Low",3,85,142.941226567872
573,2799,15457783,15460581,2023-08-15 03:57:20,2023-08-15 03:58:16,55.98,"Night","Low",3,85,169.663613103694
574,7244,15461338,15468581,2023-08-15 03:58:31,2023-08-15 04:00:56,144.88,"Night","Low",3,85,204.345008462178
575,5841,15469007,15474847,2023-08-15 04:01:05,2023-08-15 04:03:01,116.82,"Night","Flood",4,86,201.84359396267
576,21879,15475595,15497473,2023-08-15 04:03:16,2023-08-15 04:10:34,437.58,"Night","Flood",4,86,216.71829381291
577,11488,15497998,15509485,2023-08-15 04:10:44,2023-08-15 04:14:34,229.76,"Night","Flood",4,86,215.023523170111
578,3223,15510249,15513471,2023-08-15 04:14:49,2023-08-15 04:15:54,64.46,"Night","Flood",4,86,167.552578954783
579,4592,15514645,15519236,2023-08-15 04:16:17,2023-08-15 04:17:49,91.84,"Night","Flood",4,86,173.133369863076
580,1298,15520491,15521788,2023-08-15 04:18:14,2023-08-15 04:18:40,25.96,"Night","Flood",4,86,159.90993637579
581,2843,15525965,15528807,2023-08-15 04:20:04,2023-08-15 04:21:01,56.86,"Night","Flood",4,86,171.237193943499
582,7632,15530790,15538421,2023-08-15 04:21:40,2023-08-15 04:24:13,152.64,"Night","Flood",4,86,170.796413103456
583,5046,15539637,15544682,2023-08-15 04:24:37,2023-08-15 04:26:18,100.92,"Night","Flood",4,86,208.068001317488
584,5563,15545926,15551488,2023-08-15 04:26:43,2023-08-15 04:28:34,111.26,"Night","Flood",4,86,222.715141364124
585,5981,15552203,15558183,2023-08-15 04:28:49,2023-08-15 04:30:48,119.62,"Night","Flood",4,86,284.036552059479
586,12276,15559178,15571453,2023-08-15 04:31:08,2023-08-15 04:35:14,245.52,"Night","Flood",4,86,133.903500378835
587,4116,15572288,15576403,2023-08-15 04:35:30,2023-08-15 04:36:53,82.32,"Night","Flood",4,86,182.558577633319
588,12805,15577201,15590005,2023-08-15 04:37:09,2023-08-15 04:41:25,256.1,"Night","Flood",4,86,217.634278417402
589,6386,15590904,15597289,2023-08-15 04:41:43,2023-08-15 04:43:50,127.72,"Night","Flood",4,86,182.441544029482
590,13326,15598526,15611851,2023-08-15 04:44:15,2023-08-15 04:48:42,266.52,"Night","Flood",4,86,171.411950833558
591,6727,15612687,15619413,2023-08-15 04:48:58,2023-08-15 04:51:13,134.54,"Night","Flood",4,86,158.936742164877
592,5262,15620209,15625470,2023-08-15 04:51:29,2023-08-15 04:53:14,105.24,"Night","Flood",4,86,178.930799890174
593,16538,15626238,15642775,2023-08-15 04:53:29,2023-08-15 04:59:00,330.76,"Night","Flood",4,86,177.536048209261
594,4707,15643683,15648389,2023-08-15 04:59:18,2023-08-15 05:00:52,94.14,"Night","Flood",4,86,152.105632270096
595,12280,15649684,15661963,2023-08-15 05:01:18,2023-08-15 05:05:24,245.6,"Night","Flood",5,87,170.968227648127
596,6351,15662707,15669057,2023-08-15 05:05:39,2023-08-15 05:07:46,127.02,"Night","Flood",5,87,179.301293859041
597,7276,15669584,15676859,2023-08-15 05:07:56,2023-08-15 05:10:22,145.52,"Night","Flood",5,87,201.720181527815
598,1128,15677820,15678947,2023-08-15 05:10:41,2023-08-15 05:11:03,22.56,"Night","Flood",5,87,276.318205617237
599,5593,15681435,15687027,2023-08-15 05:11:53,2023-08-15 05:13:45,111.86,"Night","Flood",5,87,183.295925297217
600,7125,15688645,15695769,2023-08-15 05:14:17,2023-08-15 05:16:40,142.5,"Night","Flood",5,87,179.922042860121
601,8569,15696744,15705312,2023-08-15 05:16:59,2023-08-15 05:19:51,171.38,"Night","Flood",5,87,177.753524765731
602,9614,15705958,15715571,2023-08-15 05:20:04,2023-08-15 05:23:16,192.28,"Night","Flood",5,87,182.370065853937
603,3576,15716068,15719643,2023-08-15 05:23:26,2023-08-15 05:24:37,71.52,"Night","Flood",5,87,229.155604831526
604,7594,15720493,15728086,2023-08-15 05:24:54,2023-08-15 05:27:26,151.88,"Night","Flood",5,87,169.544450547863
605,16907,15729026,15745932,2023-08-15 05:27:45,2023-08-15 05:33:23,338.14,"Night","Flood",5,87,178.699791534663
606,23454,15746492,15769945,2023-08-15 05:33:34,2023-08-15 05:41:23,469.08,"Night","Flood",5,87,177.065006744368
607,16240,15770796,15787035,2023-08-15 05:41:40,2023-08-15 05:47:05,324.8,"Night","Flood",5,87,168.898808365691
608,3941,15787499,15791439,2023-08-15 05:47:14,2023-08-15 05:48:33,78.82,"Night","Flood",5,87,168.233052730071
609,6506,15792197,15798702,2023-08-15 05:48:48,2023-08-15 05:50:59,130.12,"Night","Flood",5,87,133.888522871022
610,1996,15799670,15801665,2023-08-15 05:51:18,2023-08-15 05:51:58,39.92,"Night","Flood",5,87,207.287180373364
611,3189,15803676,15806864,2023-08-15 05:52:38,2023-08-15 05:53:42,63.78,"Night","Flood",5,87,179.504086483836
612,7975,15809057,15817031,2023-08-15 05:54:26,2023-08-15 05:57:05,159.5,"Night","Flood",5,87,166.356135322742
